/*!40101 SET @OLD_CHARACTER_SET_CLIENT=@@CHARACTER_SET_CLIENT */;
/*!40101 SET @OLD_CHARACTER_SET_RESULTS=@@CHARACTER_SET_RESULTS */;
/*!40101 SET @OLD_COLLATION_CONNECTION=@@COLLATION_CONNECTION */;
/*!40101 SET NAMES utf8 */;
/*!40103 SET @OLD_TIME_ZONE=@@TIME_ZONE */;
/*!40103 SET TIME_ZONE='+00:00' */;
/*!40014 SET @OLD_UNIQUE_CHECKS=@@UNIQUE_CHECKS, UNIQUE_CHECKS=0 */;
/*!40014 SET @OLD_FOREIGN_KEY_CHECKS=@@FOREIGN_KEY_CHECKS, FOREIGN_KEY_CHECKS=0 */;
/*!40101 SET @OLD_SQL_MODE=@@SQL_MODE, SQL_MODE='NO_AUTO_VALUE_ON_ZERO' */;
/*!40111 SET @OLD_SQL_NOTES=@@SQL_NOTES, SQL_NOTES=0 */;

CREATE DATABASE /*!32312 IF NOT EXISTS*/ `laravel` /*!40100 DEFAULT CHARACTER SET latin1 */;

USE `laravel`;
DROP TABLE IF EXISTS `contests`;
/*!40101 SET @saved_cs_client     = @@character_set_client */;
/*!40101 SET character_set_client = utf8 */;
CREATE TABLE `contests` (
  `id` bigint(20) unsigned NOT NULL AUTO_INCREMENT,
  `race_id` bigint(20) unsigned NOT NULL,
  `runner_id` bigint(20) unsigned NOT NULL,
  `age` int(11) NOT NULL DEFAULT '18',
  `started_at` time(3) NOT NULL DEFAULT '03:18:14.000',
  `ended_at` time(3) NOT NULL DEFAULT '04:05:14.000',
  `duration` time(3) NOT NULL DEFAULT '00:47:00.000',
  `created_at` timestamp NULL DEFAULT NULL,
  `updated_at` timestamp NULL DEFAULT NULL,
  PRIMARY KEY (`id`),
  UNIQUE KEY `contests_race_id_runner_id_unique` (`race_id`,`runner_id`),
  KEY `contests_runner_id_foreign` (`runner_id`),
  CONSTRAINT `contests_race_id_foreign` FOREIGN KEY (`race_id`) REFERENCES `races` (`id`),
  CONSTRAINT `contests_runner_id_foreign` FOREIGN KEY (`runner_id`) REFERENCES `runners` (`id`)
) ENGINE=InnoDB AUTO_INCREMENT=101 DEFAULT CHARSET=utf8mb4 COLLATE=utf8mb4_unicode_ci;
/*!40101 SET character_set_client = @saved_cs_client */;

LOCK TABLES `contests` WRITE;
/*!40000 ALTER TABLE `contests` DISABLE KEYS */;
INSERT INTO `contests` VALUES (1,8,28,58,'03:18:14.000','04:05:14.000','00:47:00.000','2021-02-01 03:18:14','2021-02-01 03:18:14'),(2,64,47,49,'03:18:14.000','04:05:14.000','00:47:00.000','2021-02-01 03:18:14','2021-02-01 03:18:14'),(3,55,12,35,'03:18:14.000','04:05:14.000','00:47:00.000','2021-02-01 03:18:14','2021-02-01 03:18:14'),(4,22,41,47,'03:18:14.000','04:05:14.000','00:47:00.000','2021-02-01 03:18:14','2021-02-01 03:18:14'),(5,30,27,29,'03:18:14.000','04:05:14.000','00:47:00.000','2021-02-01 03:18:14','2021-02-01 03:18:14'),(6,65,4,25,'03:18:14.000','04:05:14.000','00:47:00.000','2021-02-01 03:18:14','2021-02-01 03:18:14'),(7,51,18,31,'03:18:14.000','04:05:14.000','00:47:00.000','2021-02-01 03:18:14','2021-02-01 03:18:14'),(8,35,20,36,'03:18:14.000','04:05:14.000','00:47:00.000','2021-02-01 03:18:14','2021-02-01 03:18:14'),(9,42,12,39,'03:18:14.000','04:05:14.000','00:47:00.000','2021-02-01 03:18:14','2021-02-01 03:18:14'),(10,19,25,52,'03:18:14.000','04:05:14.000','00:47:00.000','2021-02-01 03:18:14','2021-02-01 03:18:14'),(11,43,1,30,'03:18:14.000','04:05:14.000','00:47:00.000','2021-02-01 03:18:14','2021-02-01 03:18:14'),(12,1,46,50,'03:18:14.000','04:05:14.000','00:47:00.000','2021-02-01 03:18:14','2021-02-01 03:18:14'),(13,51,37,26,'03:18:14.000','04:05:14.000','00:47:00.000','2021-02-01 03:18:14','2021-02-01 03:18:14'),(14,6,23,52,'03:18:14.000','04:05:14.000','00:47:00.000','2021-02-01 03:18:14','2021-02-01 03:18:14'),(15,12,19,26,'03:18:14.000','04:05:14.000','00:47:00.000','2021-02-01 03:18:14','2021-02-01 03:18:14'),(16,75,1,52,'03:18:14.000','04:05:14.000','00:47:00.000','2021-02-01 03:18:14','2021-02-01 03:18:14'),(17,26,22,29,'03:18:14.000','04:05:14.000','00:47:00.000','2021-02-01 03:18:14','2021-02-01 03:18:14'),(18,20,34,28,'03:18:14.000','04:05:14.000','00:47:00.000','2021-02-01 03:18:14','2021-02-01 03:18:14'),(19,43,4,49,'03:18:14.000','04:05:14.000','00:47:00.000','2021-02-01 03:18:14','2021-02-01 03:18:14'),(20,52,11,58,'03:18:14.000','04:05:14.000','00:47:00.000','2021-02-01 03:18:14','2021-02-01 03:18:14'),(21,53,48,24,'03:18:14.000','04:05:14.000','00:47:00.000','2021-02-01 03:18:14','2021-02-01 03:18:14'),(22,66,35,47,'03:18:14.000','04:05:14.000','00:47:00.000','2021-02-01 03:18:14','2021-02-01 03:18:14'),(23,10,15,41,'03:18:14.000','04:05:14.000','00:47:00.000','2021-02-01 03:18:14','2021-02-01 03:18:14'),(24,12,14,39,'03:18:14.000','04:05:14.000','00:47:00.000','2021-02-01 03:18:14','2021-02-01 03:18:14'),(25,12,33,24,'03:18:14.000','04:05:14.000','00:47:00.000','2021-02-01 03:18:14','2021-02-01 03:18:14'),(26,17,38,41,'03:18:14.000','04:05:14.000','00:47:00.000','2021-02-01 03:18:14','2021-02-01 03:18:14'),(27,71,14,24,'03:18:14.000','04:05:14.000','00:47:00.000','2021-02-01 03:18:14','2021-02-01 03:18:14'),(28,57,23,21,'03:18:14.000','04:05:14.000','00:47:00.000','2021-02-01 03:18:14','2021-02-01 03:18:14'),(29,24,27,37,'03:18:14.000','04:05:14.000','00:47:00.000','2021-02-01 03:18:14','2021-02-01 03:18:14'),(30,17,41,53,'03:18:14.000','04:05:14.000','00:47:00.000','2021-02-01 03:18:14','2021-02-01 03:18:14'),(31,31,21,31,'03:18:14.000','04:05:14.000','00:47:00.000','2021-02-01 03:18:14','2021-02-01 03:18:14'),(32,58,37,49,'03:18:14.000','04:05:14.000','00:47:00.000','2021-02-01 03:18:14','2021-02-01 03:18:14'),(33,47,47,41,'03:18:14.000','04:05:14.000','00:47:00.000','2021-02-01 03:18:14','2021-02-01 03:18:14'),(34,18,15,23,'03:18:14.000','04:05:14.000','00:47:00.000','2021-02-01 03:18:15','2021-02-01 03:18:15'),(35,55,48,43,'03:18:14.000','04:05:14.000','00:47:00.000','2021-02-01 03:18:15','2021-02-01 03:18:15'),(36,27,1,54,'03:18:14.000','04:05:14.000','00:47:00.000','2021-02-01 03:18:15','2021-02-01 03:18:15'),(37,62,5,18,'03:18:14.000','04:05:14.000','00:47:00.000','2021-02-01 03:18:15','2021-02-01 03:18:15'),(38,33,28,56,'03:18:14.000','04:05:14.000','00:47:00.000','2021-02-01 03:18:15','2021-02-01 03:18:15'),(39,22,22,20,'03:18:14.000','04:05:14.000','00:47:00.000','2021-02-01 03:18:15','2021-02-01 03:18:15'),(40,22,34,39,'03:18:14.000','04:05:14.000','00:47:00.000','2021-02-01 03:18:15','2021-02-01 03:18:15'),(41,66,30,57,'03:18:14.000','04:05:14.000','00:47:00.000','2021-02-01 03:18:15','2021-02-01 03:18:15'),(42,19,35,23,'03:18:14.000','04:05:14.000','00:47:00.000','2021-02-01 03:18:15','2021-02-01 03:18:15'),(43,39,38,38,'03:18:14.000','04:05:14.000','00:47:00.000','2021-02-01 03:18:15','2021-02-01 03:18:15'),(44,40,14,45,'03:18:14.000','04:05:14.000','00:47:00.000','2021-02-01 03:18:15','2021-02-01 03:18:15'),(45,37,48,27,'03:18:14.000','04:05:14.000','00:47:00.000','2021-02-01 03:18:15','2021-02-01 03:18:15'),(46,14,10,36,'03:18:14.000','04:05:14.000','00:47:00.000','2021-02-01 03:18:15','2021-02-01 03:18:15'),(47,66,21,27,'03:18:14.000','04:05:14.000','00:47:00.000','2021-02-01 03:18:15','2021-02-01 03:18:15'),(48,26,8,48,'03:18:14.000','04:05:14.000','00:47:00.000','2021-02-01 03:18:15','2021-02-01 03:18:15'),(49,9,19,43,'03:18:14.000','04:05:14.000','00:47:00.000','2021-02-01 03:18:15','2021-02-01 03:18:15'),(50,72,24,31,'03:18:14.000','04:05:14.000','00:47:00.000','2021-02-01 03:18:15','2021-02-01 03:18:15'),(51,2,42,24,'03:18:14.000','04:05:14.000','00:47:00.000','2021-02-01 03:18:15','2021-02-01 03:18:15'),(52,12,26,43,'03:18:14.000','04:05:14.000','00:47:00.000','2021-02-01 03:18:15','2021-02-01 03:18:15'),(53,2,21,30,'03:18:14.000','04:05:14.000','00:47:00.000','2021-02-01 03:18:15','2021-02-01 03:18:15'),(54,73,44,31,'03:18:14.000','04:05:14.000','00:47:00.000','2021-02-01 03:18:15','2021-02-01 03:18:15'),(55,29,19,47,'03:18:14.000','04:05:14.000','00:47:00.000','2021-02-01 03:18:15','2021-02-01 03:18:15'),(56,33,38,29,'03:18:14.000','04:05:14.000','00:47:00.000','2021-02-01 03:18:15','2021-02-01 03:18:15'),(57,4,7,51,'03:18:14.000','04:05:14.000','00:47:00.000','2021-02-01 03:18:15','2021-02-01 03:18:15'),(58,45,2,60,'03:18:14.000','04:05:14.000','00:47:00.000','2021-02-01 03:18:15','2021-02-01 03:18:15'),(59,52,41,56,'03:18:14.000','04:05:14.000','00:47:00.000','2021-02-01 03:18:15','2021-02-01 03:18:15'),(60,38,18,19,'03:18:14.000','04:05:14.000','00:47:00.000','2021-02-01 03:18:15','2021-02-01 03:18:15'),(61,72,44,30,'03:18:14.000','04:05:14.000','00:47:00.000','2021-02-01 03:18:15','2021-02-01 03:18:15'),(62,62,21,51,'03:18:14.000','04:05:14.000','00:47:00.000','2021-02-01 03:18:15','2021-02-01 03:18:15'),(63,50,22,22,'03:18:14.000','04:05:14.000','00:47:00.000','2021-02-01 03:18:15','2021-02-01 03:18:15'),(64,31,6,37,'03:18:14.000','04:05:14.000','00:47:00.000','2021-02-01 03:18:15','2021-02-01 03:18:15'),(65,63,14,24,'03:18:14.000','04:05:14.000','00:47:00.000','2021-02-01 03:18:15','2021-02-01 03:18:15'),(66,63,6,45,'03:18:14.000','04:05:14.000','00:47:00.000','2021-02-01 03:18:15','2021-02-01 03:18:15'),(67,44,49,40,'03:18:14.000','04:05:14.000','00:47:00.000','2021-02-01 03:18:15','2021-02-01 03:18:15'),(68,16,49,56,'03:18:14.000','04:05:14.000','00:47:00.000','2021-02-01 03:18:15','2021-02-01 03:18:15'),(69,23,6,53,'03:18:14.000','04:05:14.000','00:47:00.000','2021-02-01 03:18:15','2021-02-01 03:18:15'),(70,22,33,28,'03:18:14.000','04:05:14.000','00:47:00.000','2021-02-01 03:18:15','2021-02-01 03:18:15'),(71,29,11,56,'03:18:14.000','04:05:14.000','00:47:00.000','2021-02-01 03:18:15','2021-02-01 03:18:15'),(72,5,14,47,'03:18:14.000','04:05:14.000','00:47:00.000','2021-02-01 03:18:15','2021-02-01 03:18:15'),(73,34,46,48,'03:18:14.000','04:05:14.000','00:47:00.000','2021-02-01 03:18:15','2021-02-01 03:18:15'),(74,74,40,41,'03:18:14.000','04:05:14.000','00:47:00.000','2021-02-01 03:18:15','2021-02-01 03:18:15'),(75,68,44,36,'03:18:14.000','04:05:14.000','00:47:00.000','2021-02-01 03:18:15','2021-02-01 03:18:15'),(76,64,32,23,'03:18:14.000','04:05:14.000','00:47:00.000','2021-02-01 03:18:15','2021-02-01 03:18:15'),(77,37,14,49,'03:18:14.000','04:05:14.000','00:47:00.000','2021-02-01 03:18:15','2021-02-01 03:18:15'),(78,53,14,35,'03:18:14.000','04:05:14.000','00:47:00.000','2021-02-01 03:18:15','2021-02-01 03:18:15'),(79,69,22,34,'03:18:14.000','04:05:14.000','00:47:00.000','2021-02-01 03:18:15','2021-02-01 03:18:15'),(80,48,10,25,'03:18:14.000','04:05:14.000','00:47:00.000','2021-02-01 03:18:15','2021-02-01 03:18:15'),(81,4,10,34,'03:18:14.000','04:05:14.000','00:47:00.000','2021-02-01 03:18:15','2021-02-01 03:18:15'),(82,71,28,50,'03:18:14.000','04:05:14.000','00:47:00.000','2021-02-01 03:18:15','2021-02-01 03:18:15'),(83,28,2,27,'03:18:14.000','04:05:14.000','00:47:00.000','2021-02-01 03:18:15','2021-02-01 03:18:15'),(84,56,32,57,'03:18:14.000','04:05:14.000','00:47:00.000','2021-02-01 03:18:15','2021-02-01 03:18:15'),(85,33,12,31,'03:18:14.000','04:05:14.000','00:47:00.000','2021-02-01 03:18:15','2021-02-01 03:18:15'),(86,50,37,55,'03:18:14.000','04:05:14.000','00:47:00.000','2021-02-01 03:18:15','2021-02-01 03:18:15'),(87,28,5,60,'03:18:14.000','04:05:14.000','00:47:00.000','2021-02-01 03:18:15','2021-02-01 03:18:15'),(88,71,24,60,'03:18:14.000','04:05:14.000','00:47:00.000','2021-02-01 03:18:15','2021-02-01 03:18:15'),(89,26,2,55,'03:18:14.000','04:05:14.000','00:47:00.000','2021-02-01 03:18:15','2021-02-01 03:18:15'),(90,57,21,55,'03:18:14.000','04:05:14.000','00:47:00.000','2021-02-01 03:18:15','2021-02-01 03:18:15'),(91,44,42,48,'03:18:14.000','04:05:14.000','00:47:00.000','2021-02-01 03:18:15','2021-02-01 03:18:15'),(92,68,49,46,'03:18:14.000','04:05:14.000','00:47:00.000','2021-02-01 03:18:15','2021-02-01 03:18:15'),(93,69,11,32,'03:18:14.000','04:05:14.000','00:47:00.000','2021-02-01 03:18:15','2021-02-01 03:18:15'),(94,40,12,60,'03:18:14.000','04:05:14.000','00:47:00.000','2021-02-01 03:18:15','2021-02-01 03:18:15'),(95,37,29,46,'03:18:14.000','04:05:14.000','00:47:00.000','2021-02-01 03:18:15','2021-02-01 03:18:15'),(96,49,39,60,'03:18:14.000','04:05:14.000','00:47:00.000','2021-02-01 03:18:15','2021-02-01 03:18:15'),(97,47,19,24,'03:18:14.000','04:05:14.000','00:47:00.000','2021-02-01 03:18:15','2021-02-01 03:18:15'),(98,46,34,37,'03:18:14.000','04:05:14.000','00:47:00.000','2021-02-01 03:18:15','2021-02-01 03:18:15'),(99,74,50,58,'03:18:14.000','04:05:14.000','00:47:00.000','2021-02-01 03:18:15','2021-02-01 03:18:15'),(100,17,15,28,'03:18:14.000','04:05:14.000','00:47:00.000','2021-02-01 03:18:15','2021-02-01 03:18:15');
/*!40000 ALTER TABLE `contests` ENABLE KEYS */;
UNLOCK TABLES;
DROP TABLE IF EXISTS `failed_jobs`;
/*!40101 SET @saved_cs_client     = @@character_set_client */;
/*!40101 SET character_set_client = utf8 */;
CREATE TABLE `failed_jobs` (
  `id` bigint(20) unsigned NOT NULL AUTO_INCREMENT,
  `uuid` varchar(191) COLLATE utf8mb4_unicode_ci NOT NULL,
  `connection` text COLLATE utf8mb4_unicode_ci NOT NULL,
  `queue` text COLLATE utf8mb4_unicode_ci NOT NULL,
  `payload` longtext COLLATE utf8mb4_unicode_ci NOT NULL,
  `exception` longtext COLLATE utf8mb4_unicode_ci NOT NULL,
  `failed_at` timestamp NOT NULL DEFAULT CURRENT_TIMESTAMP,
  PRIMARY KEY (`id`),
  UNIQUE KEY `failed_jobs_uuid_unique` (`uuid`)
) ENGINE=InnoDB DEFAULT CHARSET=utf8mb4 COLLATE=utf8mb4_unicode_ci;
/*!40101 SET character_set_client = @saved_cs_client */;

LOCK TABLES `failed_jobs` WRITE;
/*!40000 ALTER TABLE `failed_jobs` DISABLE KEYS */;
/*!40000 ALTER TABLE `failed_jobs` ENABLE KEYS */;
UNLOCK TABLES;
DROP TABLE IF EXISTS `migrations`;
/*!40101 SET @saved_cs_client     = @@character_set_client */;
/*!40101 SET character_set_client = utf8 */;
CREATE TABLE `migrations` (
  `id` int(10) unsigned NOT NULL AUTO_INCREMENT,
  `migration` varchar(255) COLLATE utf8mb4_unicode_ci NOT NULL,
  `batch` int(11) NOT NULL,
  PRIMARY KEY (`id`)
) ENGINE=InnoDB AUTO_INCREMENT=401 DEFAULT CHARSET=utf8mb4 COLLATE=utf8mb4_unicode_ci;
/*!40101 SET character_set_client = @saved_cs_client */;

LOCK TABLES `migrations` WRITE;
/*!40000 ALTER TABLE `migrations` DISABLE KEYS */;
INSERT INTO `migrations` VALUES (395,'2014_10_12_000000_create_users_table',1),(396,'2014_10_12_100000_create_password_resets_table',1),(397,'2019_08_19_000000_create_failed_jobs_table',1),(398,'2021_01_29_022729_create_races_table',1),(399,'2021_01_29_023841_create_runners_table',1),(400,'2021_01_30_143710_create_contests_table',1);
/*!40000 ALTER TABLE `migrations` ENABLE KEYS */;
UNLOCK TABLES;
DROP TABLE IF EXISTS `password_resets`;
/*!40101 SET @saved_cs_client     = @@character_set_client */;
/*!40101 SET character_set_client = utf8 */;
CREATE TABLE `password_resets` (
  `email` varchar(191) COLLATE utf8mb4_unicode_ci NOT NULL,
  `token` varchar(191) COLLATE utf8mb4_unicode_ci NOT NULL,
  `created_at` timestamp NULL DEFAULT NULL,
  KEY `password_resets_email_index` (`email`)
) ENGINE=InnoDB DEFAULT CHARSET=utf8mb4 COLLATE=utf8mb4_unicode_ci;
/*!40101 SET character_set_client = @saved_cs_client */;

LOCK TABLES `password_resets` WRITE;
/*!40000 ALTER TABLE `password_resets` DISABLE KEYS */;
/*!40000 ALTER TABLE `password_resets` ENABLE KEYS */;
UNLOCK TABLES;
DROP TABLE IF EXISTS `races`;
/*!40101 SET @saved_cs_client     = @@character_set_client */;
/*!40101 SET character_set_client = utf8 */;
CREATE TABLE `races` (
  `id` bigint(20) unsigned NOT NULL AUTO_INCREMENT,
  `type` enum('3km','5km','10km','21km','42km') COLLATE utf8mb4_unicode_ci NOT NULL,
  `race_date` date NOT NULL,
  `created_at` timestamp NULL DEFAULT NULL,
  `updated_at` timestamp NULL DEFAULT NULL,
  PRIMARY KEY (`id`),
  UNIQUE KEY `races_type_race_date_unique` (`type`,`race_date`)
) ENGINE=InnoDB AUTO_INCREMENT=76 DEFAULT CHARSET=utf8mb4 COLLATE=utf8mb4_unicode_ci;
/*!40101 SET character_set_client = @saved_cs_client */;

LOCK TABLES `races` WRITE;
/*!40000 ALTER TABLE `races` DISABLE KEYS */;
INSERT INTO `races` VALUES (1,'42km','2006-11-12','2021-02-01 03:18:14','2021-02-01 03:18:14'),(2,'42km','1994-04-24','2021-02-01 03:18:14','2021-02-01 03:18:14'),(3,'5km','2009-01-01','2021-02-01 03:18:14','2021-02-01 03:18:14'),(4,'42km','2013-11-22','2021-02-01 03:18:14','2021-02-01 03:18:14'),(5,'3km','2016-11-02','2021-02-01 03:18:14','2021-02-01 03:18:14'),(6,'10km','1994-05-18','2021-02-01 03:18:14','2021-02-01 03:18:14'),(7,'5km','1973-04-14','2021-02-01 03:18:14','2021-02-01 03:18:14'),(8,'42km','1988-04-24','2021-02-01 03:18:14','2021-02-01 03:18:14'),(9,'5km','1982-11-11','2021-02-01 03:18:14','2021-02-01 03:18:14'),(10,'3km','2014-12-21','2021-02-01 03:18:14','2021-02-01 03:18:14'),(11,'42km','1971-01-20','2021-02-01 03:18:14','2021-02-01 03:18:14'),(12,'21km','1984-04-17','2021-02-01 03:18:14','2021-02-01 03:18:14'),(13,'3km','1971-02-06','2021-02-01 03:18:14','2021-02-01 03:18:14'),(14,'21km','2004-09-05','2021-02-01 03:18:14','2021-02-01 03:18:14'),(15,'3km','2018-10-27','2021-02-01 03:18:14','2021-02-01 03:18:14'),(16,'5km','1974-09-14','2021-02-01 03:18:14','2021-02-01 03:18:14'),(17,'3km','2018-01-13','2021-02-01 03:18:14','2021-02-01 03:18:14'),(18,'42km','1977-08-16','2021-02-01 03:18:14','2021-02-01 03:18:14'),(19,'3km','1977-07-26','2021-02-01 03:18:14','2021-02-01 03:18:14'),(20,'21km','1988-12-28','2021-02-01 03:18:14','2021-02-01 03:18:14'),(21,'5km','1983-04-20','2021-02-01 03:18:14','2021-02-01 03:18:14'),(22,'10km','2007-05-17','2021-02-01 03:18:14','2021-02-01 03:18:14'),(23,'21km','1986-09-09','2021-02-01 03:18:14','2021-02-01 03:18:14'),(24,'3km','2009-04-15','2021-02-01 03:18:14','2021-02-01 03:18:14'),(25,'42km','1970-05-11','2021-02-01 03:18:14','2021-02-01 03:18:14'),(26,'42km','2009-09-28','2021-02-01 03:18:14','2021-02-01 03:18:14'),(27,'3km','2018-12-03','2021-02-01 03:18:14','2021-02-01 03:18:14'),(28,'21km','2015-02-21','2021-02-01 03:18:14','2021-02-01 03:18:14'),(29,'3km','2007-10-29','2021-02-01 03:18:14','2021-02-01 03:18:14'),(30,'10km','1971-04-26','2021-02-01 03:18:14','2021-02-01 03:18:14'),(31,'42km','1987-04-22','2021-02-01 03:18:14','2021-02-01 03:18:14'),(32,'3km','2001-06-23','2021-02-01 03:18:14','2021-02-01 03:18:14'),(33,'5km','2014-05-15','2021-02-01 03:18:14','2021-02-01 03:18:14'),(34,'5km','2003-04-22','2021-02-01 03:18:14','2021-02-01 03:18:14'),(35,'3km','1987-03-07','2021-02-01 03:18:14','2021-02-01 03:18:14'),(36,'5km','1979-07-18','2021-02-01 03:18:14','2021-02-01 03:18:14'),(37,'3km','2011-02-16','2021-02-01 03:18:14','2021-02-01 03:18:14'),(38,'10km','1982-08-16','2021-02-01 03:18:14','2021-02-01 03:18:14'),(39,'5km','1987-06-16','2021-02-01 03:18:14','2021-02-01 03:18:14'),(40,'3km','2001-07-30','2021-02-01 03:18:14','2021-02-01 03:18:14'),(41,'3km','1979-03-02','2021-02-01 03:18:14','2021-02-01 03:18:14'),(42,'21km','2013-02-14','2021-02-01 03:18:14','2021-02-01 03:18:14'),(43,'5km','1986-08-26','2021-02-01 03:18:14','2021-02-01 03:18:14'),(44,'3km','2005-02-09','2021-02-01 03:18:14','2021-02-01 03:18:14'),(45,'42km','1986-01-14','2021-02-01 03:18:14','2021-02-01 03:18:14'),(46,'10km','2018-01-01','2021-02-01 03:18:14','2021-02-01 03:18:14'),(47,'5km','2017-12-24','2021-02-01 03:18:14','2021-02-01 03:18:14'),(48,'10km','1991-07-26','2021-02-01 03:18:14','2021-02-01 03:18:14'),(49,'3km','1979-06-19','2021-02-01 03:18:14','2021-02-01 03:18:14'),(50,'21km','2013-04-30','2021-02-01 03:18:14','2021-02-01 03:18:14'),(51,'42km','2017-02-12','2021-02-01 03:18:14','2021-02-01 03:18:14'),(52,'10km','2001-10-11','2021-02-01 03:18:14','2021-02-01 03:18:14'),(53,'3km','1995-12-21','2021-02-01 03:18:14','2021-02-01 03:18:14'),(54,'10km','1980-08-24','2021-02-01 03:18:14','2021-02-01 03:18:14'),(55,'3km','2016-11-15','2021-02-01 03:18:14','2021-02-01 03:18:14'),(56,'42km','1999-06-11','2021-02-01 03:18:14','2021-02-01 03:18:14'),(57,'10km','1982-03-31','2021-02-01 03:18:14','2021-02-01 03:18:14'),(58,'42km','1989-12-10','2021-02-01 03:18:14','2021-02-01 03:18:14'),(59,'21km','1986-09-02','2021-02-01 03:18:14','2021-02-01 03:18:14'),(60,'5km','2000-09-03','2021-02-01 03:18:14','2021-02-01 03:18:14'),(61,'10km','2016-09-03','2021-02-01 03:18:14','2021-02-01 03:18:14'),(62,'5km','2014-10-27','2021-02-01 03:18:14','2021-02-01 03:18:14'),(63,'5km','2019-01-31','2021-02-01 03:18:14','2021-02-01 03:18:14'),(64,'21km','2003-04-06','2021-02-01 03:18:14','2021-02-01 03:18:14'),(65,'3km','2006-10-09','2021-02-01 03:18:14','2021-02-01 03:18:14'),(66,'42km','1980-06-16','2021-02-01 03:18:14','2021-02-01 03:18:14'),(67,'42km','2012-12-13','2021-02-01 03:18:14','2021-02-01 03:18:14'),(68,'42km','2018-01-06','2021-02-01 03:18:14','2021-02-01 03:18:14'),(69,'21km','2010-09-02','2021-02-01 03:18:14','2021-02-01 03:18:14'),(70,'5km','1972-01-07','2021-02-01 03:18:14','2021-02-01 03:18:14'),(71,'3km','1996-02-18','2021-02-01 03:18:14','2021-02-01 03:18:14'),(72,'42km','1980-11-16','2021-02-01 03:18:14','2021-02-01 03:18:14'),(73,'42km','1987-12-03','2021-02-01 03:18:14','2021-02-01 03:18:14'),(74,'5km','2013-05-11','2021-02-01 03:18:14','2021-02-01 03:18:14'),(75,'10km','2000-12-26','2021-02-01 03:18:14','2021-02-01 03:18:14');
/*!40000 ALTER TABLE `races` ENABLE KEYS */;
UNLOCK TABLES;
DROP TABLE IF EXISTS `runners`;
/*!40101 SET @saved_cs_client     = @@character_set_client */;
/*!40101 SET character_set_client = utf8 */;
CREATE TABLE `runners` (
  `id` bigint(20) unsigned NOT NULL AUTO_INCREMENT,
  `name` varchar(191) COLLATE utf8mb4_unicode_ci NOT NULL,
  `cpf` bigint(20) unsigned NOT NULL,
  `birthday` date NOT NULL,
  `created_at` timestamp NULL DEFAULT NULL,
  `updated_at` timestamp NULL DEFAULT NULL,
  PRIMARY KEY (`id`)
) ENGINE=InnoDB AUTO_INCREMENT=51 DEFAULT CHARSET=utf8mb4 COLLATE=utf8mb4_unicode_ci;
/*!40101 SET character_set_client = @saved_cs_client */;

LOCK TABLES `runners` WRITE;
/*!40000 ALTER TABLE `runners` DISABLE KEYS */;
INSERT INTO `runners` VALUES (1,'Mrs. Allene Rowe PhD',58002237120,'1968-12-26','2021-02-01 03:18:14','2021-02-01 03:18:14'),(2,'Jodie Kuhlman IV',1171430243,'1982-02-11','2021-02-01 03:18:14','2021-02-01 03:18:14'),(3,'Dr. Susanna Farrell',89538882530,'1982-12-14','2021-02-01 03:18:14','2021-02-01 03:18:14'),(4,'Dr. Garnet Heller Sr.',84394342847,'1988-04-04','2021-02-01 03:18:14','2021-02-01 03:18:14'),(5,'Herbert Schaden',38012127635,'1991-03-16','2021-02-01 03:18:14','2021-02-01 03:18:14'),(6,'Sadye Schroeder',56305461095,'1994-08-06','2021-02-01 03:18:14','2021-02-01 03:18:14'),(7,'Elizabeth Mills',25321634888,'1967-04-21','2021-02-01 03:18:14','2021-02-01 03:18:14'),(8,'Ashlynn Adams',19266601914,'1965-05-07','2021-02-01 03:18:14','2021-02-01 03:18:14'),(9,'Simone Durgan III',11592569111,'2001-05-16','2021-02-01 03:18:14','2021-02-01 03:18:14'),(10,'Domenic Russel',92418469215,'1977-05-07','2021-02-01 03:18:14','2021-02-01 03:18:14'),(11,'Maud Wiza',31714759589,'1973-03-10','2021-02-01 03:18:14','2021-02-01 03:18:14'),(12,'Perry Prosacco',44050495118,'1975-07-18','2021-02-01 03:18:14','2021-02-01 03:18:14'),(13,'Hanna Kozey',73813737739,'1987-10-29','2021-02-01 03:18:14','2021-02-01 03:18:14'),(14,'Korbin Dach',54989973536,'1971-07-01','2021-02-01 03:18:14','2021-02-01 03:18:14'),(15,'Mr. Laron Miller Sr.',67864541320,'2002-09-23','2021-02-01 03:18:14','2021-02-01 03:18:14'),(16,'Fernando Jakubowski',28961348825,'1976-05-14','2021-02-01 03:18:14','2021-02-01 03:18:14'),(17,'Miss Ellen Armstrong IV',18875914900,'1981-04-09','2021-02-01 03:18:14','2021-02-01 03:18:14'),(18,'Prof. Tad Rohan IV',84144841493,'1990-01-26','2021-02-01 03:18:14','2021-02-01 03:18:14'),(19,'Prof. Cordell Hane',79078789543,'1982-04-17','2021-02-01 03:18:14','2021-02-01 03:18:14'),(20,'Jacinthe Kertzmann III',39564577697,'1997-10-01','2021-02-01 03:18:14','2021-02-01 03:18:14'),(21,'Madeline Sauer',83874366587,'1974-01-11','2021-02-01 03:18:14','2021-02-01 03:18:14'),(22,'Mr. Marcellus Romaguera',58124347509,'1966-06-25','2021-02-01 03:18:14','2021-02-01 03:18:14'),(23,'Casimir Hudson',67755489212,'1993-01-13','2021-02-01 03:18:14','2021-02-01 03:18:14'),(24,'Miles Simonis',21751725321,'1962-11-27','2021-02-01 03:18:14','2021-02-01 03:18:14'),(25,'Stephania Schimmel',28508747295,'1965-05-12','2021-02-01 03:18:14','2021-02-01 03:18:14'),(26,'Jeffry Bednar',43516609084,'1987-09-13','2021-02-01 03:18:14','2021-02-01 03:18:14'),(27,'Prof. Jenifer O\'Connell PhD',5453936483,'1971-05-21','2021-02-01 03:18:14','2021-02-01 03:18:14'),(28,'Kylee Schuppe III',26186118770,'2001-07-07','2021-02-01 03:18:14','2021-02-01 03:18:14'),(29,'Mr. Armani Abbott MD',61638828022,'1986-02-16','2021-02-01 03:18:14','2021-02-01 03:18:14'),(30,'Ms. Clotilde Daugherty PhD',72533921881,'1994-02-13','2021-02-01 03:18:14','2021-02-01 03:18:14'),(31,'Dr. Jordi Ratke PhD',39633764824,'1966-09-23','2021-02-01 03:18:14','2021-02-01 03:18:14'),(32,'Fannie Goldner',91289914070,'1999-09-26','2021-02-01 03:18:14','2021-02-01 03:18:14'),(33,'Dr. Marley Schoen',83021484495,'1988-01-18','2021-02-01 03:18:14','2021-02-01 03:18:14'),(34,'Lenna Weimann',61535280151,'1993-09-07','2021-02-01 03:18:14','2021-02-01 03:18:14'),(35,'Lina Harber',65632586145,'1964-12-23','2021-02-01 03:18:14','2021-02-01 03:18:14'),(36,'Mrs. Virgie Greenfelder II',67856409100,'2001-07-03','2021-02-01 03:18:14','2021-02-01 03:18:14'),(37,'Miss Karelle Daugherty',94731619382,'1988-05-16','2021-02-01 03:18:14','2021-02-01 03:18:14'),(38,'Joanne Towne',56794174508,'1968-02-03','2021-02-01 03:18:14','2021-02-01 03:18:14'),(39,'Rosalia Durgan',96114826029,'1963-06-30','2021-02-01 03:18:14','2021-02-01 03:18:14'),(40,'Riley Vandervort',79390411020,'1970-03-07','2021-02-01 03:18:14','2021-02-01 03:18:14'),(41,'Yasmin Schaefer',57027250899,'2002-05-28','2021-02-01 03:18:14','2021-02-01 03:18:14'),(42,'Antonina Weber',19743162657,'1993-12-23','2021-02-01 03:18:14','2021-02-01 03:18:14'),(43,'Elva Kertzmann',80541305855,'1993-04-15','2021-02-01 03:18:14','2021-02-01 03:18:14'),(44,'Prof. Taurean Schiller',82864238250,'1995-04-24','2021-02-01 03:18:14','2021-02-01 03:18:14'),(45,'Eldred Satterfield',67478788835,'1993-06-21','2021-02-01 03:18:14','2021-02-01 03:18:14'),(46,'Lamont Goodwin',34671666817,'1978-10-30','2021-02-01 03:18:14','2021-02-01 03:18:14'),(47,'Prof. Damien Mohr',18323470835,'1969-07-01','2021-02-01 03:18:14','2021-02-01 03:18:14'),(48,'Kelli Effertz',92982538343,'1993-12-13','2021-02-01 03:18:14','2021-02-01 03:18:14'),(49,'Raven Nitzsche IV',39103654065,'1962-08-19','2021-02-01 03:18:14','2021-02-01 03:18:14'),(50,'Leonor Gaylord',68263755091,'1987-09-20','2021-02-01 03:18:14','2021-02-01 03:18:14');
/*!40000 ALTER TABLE `runners` ENABLE KEYS */;
UNLOCK TABLES;
DROP TABLE IF EXISTS `users`;
/*!40101 SET @saved_cs_client     = @@character_set_client */;
/*!40101 SET character_set_client = utf8 */;
CREATE TABLE `users` (
  `id` bigint(20) unsigned NOT NULL AUTO_INCREMENT,
  `name` varchar(191) COLLATE utf8mb4_unicode_ci NOT NULL,
  `email` varchar(191) COLLATE utf8mb4_unicode_ci NOT NULL,
  `email_verified_at` timestamp NULL DEFAULT NULL,
  `password` varchar(191) COLLATE utf8mb4_unicode_ci NOT NULL,
  `remember_token` varchar(100) COLLATE utf8mb4_unicode_ci DEFAULT NULL,
  `created_at` timestamp NULL DEFAULT NULL,
  `updated_at` timestamp NULL DEFAULT NULL,
  PRIMARY KEY (`id`),
  UNIQUE KEY `users_email_unique` (`email`)
) ENGINE=InnoDB AUTO_INCREMENT=11 DEFAULT CHARSET=utf8mb4 COLLATE=utf8mb4_unicode_ci;
/*!40101 SET character_set_client = @saved_cs_client */;

LOCK TABLES `users` WRITE;
/*!40000 ALTER TABLE `users` DISABLE KEYS */;
INSERT INTO `users` VALUES (1,'Bailey Tremblay II','doyle.tyreek@example.org','2021-02-01 03:18:14','$2y$10$92IXUNpkjO0rOQ5byMi.Ye4oKoEa3Ro9llC/.og/at2.uheWG/igi','2E3q1dqpEG','2021-02-01 03:18:14','2021-02-01 03:18:14'),(2,'Palma Lebsack','aleen.borer@example.org','2021-02-01 03:18:14','$2y$10$92IXUNpkjO0rOQ5byMi.Ye4oKoEa3Ro9llC/.og/at2.uheWG/igi','Bbdt1RYj3x','2021-02-01 03:18:14','2021-02-01 03:18:14'),(3,'Roslyn Considine DVM','alisha.jacobi@example.com','2021-02-01 03:18:14','$2y$10$92IXUNpkjO0rOQ5byMi.Ye4oKoEa3Ro9llC/.og/at2.uheWG/igi','1sAXnGd3si','2021-02-01 03:18:14','2021-02-01 03:18:14'),(4,'Eldora Windler','lkonopelski@example.net','2021-02-01 03:18:14','$2y$10$92IXUNpkjO0rOQ5byMi.Ye4oKoEa3Ro9llC/.og/at2.uheWG/igi','A7ijszGnKE','2021-02-01 03:18:14','2021-02-01 03:18:14'),(5,'Mrs. Charity Zboncak','erwin.nikolaus@example.org','2021-02-01 03:18:14','$2y$10$92IXUNpkjO0rOQ5byMi.Ye4oKoEa3Ro9llC/.og/at2.uheWG/igi','u2vZ8cAH8b','2021-02-01 03:18:14','2021-02-01 03:18:14'),(6,'Ms. Mabelle Parisian Jr.','althea.harvey@example.net','2021-02-01 03:18:14','$2y$10$92IXUNpkjO0rOQ5byMi.Ye4oKoEa3Ro9llC/.og/at2.uheWG/igi','PRMSl04zvB','2021-02-01 03:18:14','2021-02-01 03:18:14'),(7,'Mrs. Loyce Corwin PhD','freida79@example.org','2021-02-01 03:18:14','$2y$10$92IXUNpkjO0rOQ5byMi.Ye4oKoEa3Ro9llC/.og/at2.uheWG/igi','6fYY5kw5cE','2021-02-01 03:18:14','2021-02-01 03:18:14'),(8,'Nakia McLaughlin I','pveum@example.com','2021-02-01 03:18:14','$2y$10$92IXUNpkjO0rOQ5byMi.Ye4oKoEa3Ro9llC/.og/at2.uheWG/igi','8eVdNiNGUc','2021-02-01 03:18:14','2021-02-01 03:18:14'),(9,'Theodore Kuhic','beth.frami@example.net','2021-02-01 03:18:14','$2y$10$92IXUNpkjO0rOQ5byMi.Ye4oKoEa3Ro9llC/.og/at2.uheWG/igi','nz2D1OGz1U','2021-02-01 03:18:14','2021-02-01 03:18:14'),(10,'Ariane Walsh','xblock@example.net','2021-02-01 03:18:14','$2y$10$92IXUNpkjO0rOQ5byMi.Ye4oKoEa3Ro9llC/.og/at2.uheWG/igi','8fa65FrVde','2021-02-01 03:18:14','2021-02-01 03:18:14');
/*!40000 ALTER TABLE `users` ENABLE KEYS */;
UNLOCK TABLES;
/*!40103 SET TIME_ZONE=@OLD_TIME_ZONE */;

/*!40101 SET SQL_MODE=@OLD_SQL_MODE */;
/*!40014 SET FOREIGN_KEY_CHECKS=@OLD_FOREIGN_KEY_CHECKS */;
/*!40014 SET UNIQUE_CHECKS=@OLD_UNIQUE_CHECKS */;
/*!40101 SET CHARACTER_SET_CLIENT=@OLD_CHARACTER_SET_CLIENT */;
/*!40101 SET CHARACTER_SET_RESULTS=@OLD_CHARACTER_SET_RESULTS */;
/*!40101 SET COLLATION_CONNECTION=@OLD_COLLATION_CONNECTION */;
/*!40111 SET SQL_NOTES=@OLD_SQL_NOTES */;

